nome,descricao
Comércio e Varejo,Setor que inclui lojas físicas, e-commerce, moda, acessórios e produtos de beleza.
Serviços Profissionais,Setor que engloba advocacia, contabilidade, consultoria, arquitetura e design de interiores.
Saúde e Bem-Estar,Setor que inclui clínicas médicas, hospitais, academias, estúdios de yoga e spas.
Educação e Treinamento,Setor que engloba escolas, faculdades, cursos online, treinamentos corporativos e workshops.
Turismo e Hospitalidade,Setor que inclui hotéis, pousadas, resorts, agências de viagens e passeios turísticos.
Tecnologia e Inovação,Setor que engloba startups, empresas de TI, desenvolvimento de software e aplicativos.
Indústria e Manufatura,Setor que inclui fábricas, fornecedores, distribuidores e atacadistas.
Alimentação e Gastronomia,Setor que engloba restaurantes, bares, cafés, mercados e food trucks.
Cultura e Entretenimento,Setor que inclui teatros, cinemas, eventos culturais, artistas e produtoras.
Imobiliário e Construção,Setor que engloba construtoras, imobiliárias, arquitetura e engenharia.
Serviços Automotivos,Setor que inclui concessionárias, oficinas mecânicas, venda de veículos e peças.
ONGs e Instituições sem Fins Lucrativos,Setor que engloba organizações não governamentais e instituições filantrópicas.
Agronegócio,Setor que inclui fazendas, produtores rurais e distribuidores de insumos agrícolas.
Serviços Financeiros,Setor que engloba bancos, corretoras, fintechs, consultoria financeira e seguros.
Eventos e Cerimônias,Setor que inclui buffets, festas, casamentos e organização de eventos corporativos.